{
  "loss": [
    3.4272916316986084,
    1.9382179975509644,
    1.465147614479065,
    1.216105341911316,
    1.0986847877502441,
    1.0406014919281006,
    0.9919192790985107,
    0.953326404094696,
    0.9716181755065918,
    0.884698212146759,
    0.8630966544151306,
    0.855286717414856,
    0.8303073644638062,
    0.849449872970581,
    0.8223457932472229,
    0.8494951725006104,
    0.8183921575546265,
    0.81854248046875,
    0.814605712890625,
    0.811697244644165,
    0.8037003874778748,
    0.7968436479568481,
    0.7875301241874695,
    0.7839279174804688,
    0.7774782776832581,
    0.7746737003326416,
    0.7665940523147583,
    0.7634573578834534,
    0.7571143507957458,
    0.7588504552841187,
    0.7526228427886963,
    0.751262903213501,
    0.748855710029602,
    0.7416226863861084,
    0.7394099235534668,
    0.736653745174408,
    0.7348260283470154,
    0.7430465817451477,
    0.7298783659934998,
    0.7330349683761597,
    0.7366795539855957,
    0.7272632122039795,
    0.7236031889915466,
    0.7236549258232117,
    0.7182820439338684,
    0.717587947845459,
    0.7159686088562012,
    0.7252206206321716,
    0.721559464931488,
    0.7153714299201965,
    0.7113704085350037,
    0.7083873152732849,
    0.7074388861656189,
    0.7051789164543152,
    0.7031140923500061,
    0.7011333107948303,
    0.7001996040344238,
    0.697845458984375,
    0.6950838565826416,
    0.6938231587409973,
    0.6926192045211792,
    0.6921966075897217,
    0.6924662590026855,
    0.6906099915504456,
    0.6855355501174927,
    0.6826364994049072,
    0.6806490421295166,
    0.6792025566101074,
    0.6778569221496582,
    0.6773338913917542,
    0.6755894422531128,
    0.6751266717910767,
    0.6718737483024597,
    0.6692237257957458,
    0.6679154634475708,
    0.6706088781356812,
    0.6670659184455872,
    0.6631462574005127,
    0.6623608469963074,
    0.6604277491569519,
    0.6594775319099426,
    0.6574909090995789,
    0.6560574769973755,
    0.6533461213111877,
    0.6525200009346008,
    0.651500940322876,
    0.6502425074577332,
    0.6573772430419922,
    0.6476834416389465,
    0.6452279090881348,
    0.6433343291282654,
    0.6413944363594055,
    0.6415553092956543,
    0.6391982436180115,
    0.6399444341659546,
    0.6363500952720642,
    0.6343887448310852,
    0.6345082521438599,
    0.6316284537315369,
    0.6351391673088074
  ],
  "mae": [
    1.2528784275054932,
    0.8649291396141052,
    0.6597618460655212,
    0.5147812962532043,
    0.43929123878479004,
    0.39468586444854736,
    0.35420018434524536,
    0.3188822567462921,
    0.338693767786026,
    0.266195684671402,
    0.2445135861635208,
    0.2370443493127823,
    0.2069462090730667,
    0.22571980953216553,
    0.19796864688396454,
    0.22849266231060028,
    0.2002713829278946,
    0.20032024383544922,
    0.19645069539546967,
    0.19391168653964996,
    0.1855236440896988,
    0.17731960117816925,
    0.1662263721227646,
    0.16241557896137238,
    0.15487079322338104,
    0.1527128517627716,
    0.1419319063425064,
    0.13916152715682983,
    0.12964266538619995,
    0.1351875513792038,
    0.12671205401420593,
    0.12689822912216187,
    0.1253081113100052,
    0.11320918053388596,
    0.11129188537597656,
    0.10886740684509277,
    0.10921846330165863,
    0.12923407554626465,
    0.10343184322118759,
    0.11345333606004715,
    0.12225358933210373,
    0.10771899670362473,
    0.10420265048742294,
    0.10841461271047592,
    0.09826267510652542,
    0.10016842931509018,
    0.09896942973136902,
    0.11740868538618088,
    0.11468444764614105,
    0.10826779156923294,
    0.10436328500509262,
    0.09988584369421005,
    0.10045485943555832,
    0.09893027693033218,
    0.09733940660953522,
    0.09585775434970856,
    0.0972796380519867,
    0.09503698348999023,
    0.09069322794675827,
    0.0905773714184761,
    0.0909082368016243,
    0.09383668750524521,
    0.10009106993675232,
    0.09839553385972977,
    0.0885792151093483,
    0.0836363360285759,
    0.08159080147743225,
    0.08142341673374176,
    0.08205903321504593,
    0.08525893092155457,
    0.0841527134180069,
    0.08693382143974304,
    0.08100021630525589,
    0.07642608880996704,
    0.07688964903354645,
    0.08980432897806168,
    0.08314444124698639,
    0.07472365349531174,
    0.0769544169306755,
    0.07483502477407455,
    0.07647326588630676,
    0.0741565078496933,
    0.07415150851011276,
    0.06887944042682648,
    0.07079707086086273,
    0.07276766747236252,
    0.07300598919391632,
    0.09801463782787323,
    0.07328493893146515,
    0.06945556402206421,
    0.06730708479881287,
    0.06434689462184906,
    0.0704333484172821,
    0.06702758371829987,
    0.07491188496351242,
    0.065664142370224,
    0.06317728012800217,
    0.06904580444097519,
    0.0631178766489029,
    0.08139238506555557
  ],
  "val_loss": [
    10.917155265808105,
    17.594968795776367,
    9.27930736541748,
    7.826381683349609,
    5.592907428741455,
    5.261996746063232,
    4.9847331047058105,
    6.28176212310791,
    7.243847370147705,
    7.092487812042236,
    6.7368927001953125,
    6.675624847412109,
    5.604837894439697,
    6.125885963439941,
    5.38756799697876,
    6.40291690826416,
    5.983313083648682,
    5.859322547912598,
    5.727905750274658,
    5.584317207336426,
    5.423852920532227,
    5.255373477935791,
    5.116500377655029,
    5.066429615020752,
    4.962800979614258,
    4.974654197692871,
    4.876299858093262,
    4.92510461807251,
    4.762643814086914,
    4.764741897583008,
    4.628795623779297,
    4.585535526275635,
    4.76057767868042,
    4.802261829376221,
    4.779562950134277,
    4.626968860626221,
    4.3929266929626465,
    4.376653671264648,
    4.575852394104004,
    4.885781288146973,
    4.72887659072876,
    4.500272274017334,
    4.3617987632751465,
    4.290528774261475,
    4.327017307281494,
    4.339872360229492,
    4.408456802368164,
    4.612146377563477,
    4.510754108428955,
    4.3270673751831055,
    4.324277877807617,
    4.356817245483398,
    4.357203960418701,
    4.356382369995117,
    4.33064603805542,
    4.348140239715576,
    4.284483432769775,
    4.338184356689453,
    4.355654239654541,
    4.3923420906066895,
    4.429390907287598,
    4.310881614685059,
    4.248134613037109,
    4.286223888397217,
    4.316786766052246,
    4.359869003295898,
    4.34234094619751,
    4.334003925323486,
    4.294745922088623,
    4.245809078216553,
    4.24634313583374,
    4.274531841278076,
    4.257803916931152,
    4.340916633605957,
    4.252318382263184,
    4.258669376373291,
    4.280001163482666,
    4.279891490936279,
    4.245969295501709,
    4.225261211395264,
    4.258540630340576,
    4.260194301605225,
    4.26554536819458,
    4.349285125732422,
    4.409853458404541,
    4.3150787353515625,
    4.193868637084961,
    4.213301658630371,
    4.242702007293701,
    4.288013458251953,
    4.296872615814209,
    4.414816379547119,
    4.376484394073486,
    4.233730792999268,
    4.236884117126465,
    4.353371620178223,
    4.433923721313477,
    4.461994647979736,
    4.308753490447998,
    4.145653247833252
  ],