{
  "loss": [
    2.9772870540618896,
    2.383836269378662,
    1.7878448963165283,
    1.1981779336929321,
    1.2905246019363403,
    1.079235553741455,
    1.0439780950546265,
    0.9788387417793274,
    0.9403402805328369,
    0.9113650918006897,
    0.8841814398765564,
    0.8328654170036316,
    0.8159282207489014,
    0.8043828010559082,
    0.795841634273529,
    0.7889845967292786,
    0.7832238078117371,
    0.7782406210899353,
    0.7738388776779175,
    0.769886314868927,
    0.7662873268127441,
    0.7629714012145996,
    0.7598839998245239,
    0.7569842338562012,
    0.7542396187782288,
    0.7516252994537354,
    0.7491210699081421,
    0.7467116117477417,
    0.7443839311599731,
    0.7421280145645142,
    0.739935040473938,
    0.737798273563385,
    0.7357124090194702,
    0.7336717247962952,
    0.7316725254058838,
    0.7297112941741943,
    0.7277843356132507,
    0.725888729095459,
    0.7240212559700012,
    0.7221798300743103,
    0.720361053943634,
    0.7185629606246948,
    0.7167829871177673,
    0.7150189280509949,
    0.7132691740989685,
    0.7115318179130554,
    0.7098064422607422,
    0.708091676235199,
    0.7063872814178467,
    0.704692542552948,
    0.7030069828033447,
    0.7013307213783264,
    0.6996632218360901,
    0.6980045437812805,
    0.6963544487953186,
    0.6947126984596252,
    0.6930792331695557,
    0.6914536952972412,
    0.6898362636566162,
    0.688226580619812,
    0.6866248250007629,
    0.6850304007530212,
    0.6834431290626526,
    0.68186354637146,
    0.6802908778190613,
    0.6787256598472595,
    0.6771668791770935,
    0.6756150126457214,
    0.6740700602531433,
    0.6725315451622009,
    0.6709991693496704,
    0.6694740653038025,
    0.6679537892341614,
    0.666441023349762,
    0.6649330854415894,
    0.6634324193000793,
    0.6619354486465454,
    0.6604475975036621,
    0.6589614152908325,
    0.6574837565422058,
    0.6560114622116089,
    0.6545410752296448,
    0.653078019618988,
    0.6516281366348267,
    0.6501787900924683,
    0.6487030982971191,
    0.6472026109695435,
    0.6457553505897522,
    0.6448421478271484,
    0.6445284485816956,
    0.6428471803665161,
    0.6407271027565002,
    0.6387552618980408,
    0.637043833732605,
    0.6354065537452698,
    0.6349291205406189,
    0.6327694058418274,
    0.6312955021858215,
    0.6324378252029419,
    0.6303415894508362
  ],
  "mae": [
    1.2356585264205933,
    1.0434815883636475,
    0.7692458629608154,
    0.5028477311134338,
    0.5588202476501465,
    0.45071926712989807,
    0.4153900444507599,
    0.3559695780277252,
    0.31966689229011536,
    0.2874664068222046,
    0.2564643919467926,
    0.20973612368106842,
    0.18905477225780487,
    0.17385980486869812,
    0.1624368280172348,
    0.15331989526748657,
    0.14576604962348938,
    0.1393681764602661,
    0.13380873203277588,
    0.12894834578037262,
    0.12467795610427856,
    0.12092962116003036,
    0.11758259683847427,
    0.11456508934497833,
    0.11182807385921478,
    0.10932951420545578,
    0.10705839842557907,
    0.10497870296239853,
    0.10304779559373856,
    0.10125263780355453,
    0.09958852827548981,
    0.0980299860239029,
    0.09656801074743271,
    0.09519665688276291,
    0.09392238408327103,
    0.09271357953548431,
    0.09156713634729385,
    0.09049248695373535,
    0.08947042375802994,
    0.08849892020225525,
    0.08758316189050674,
    0.08670669794082642,
    0.08587346225976944,
    0.08506988734006882,
    0.0842953622341156,
    0.08354198187589645,
    0.08281096071004868,
    0.08209633082151413,
    0.08138929307460785,
    0.08069046586751938,
    0.07999822497367859,
    0.07931747287511826,
    0.07864806056022644,
    0.0779871866106987,
    0.07733248919248581,
    0.07668750733137131,
    0.07605387270450592,
    0.07542974501848221,
    0.07481478899717331,
    0.07420654594898224,
    0.07361100614070892,
    0.07302463054656982,
    0.07244495302438736,
    0.07188235968351364,
    0.07132790237665176,
    0.07078524678945541,
    0.07025057077407837,
    0.06972914189100266,
    0.0692148506641388,
    0.06870928406715393,
    0.06821280717849731,
    0.06772895902395248,
    0.06724749505519867,
    0.06677950173616409,
    0.06631451100111008,
    0.06586751341819763,
    0.0654187723994255,
    0.06499473005533218,
    0.06455832719802856,
    0.06414515525102615,
    0.06373728066682816,
    0.06331461668014526,
    0.06291401386260986,
    0.06256502866744995,
    0.062195055186748505,
    0.061654455959796906,
    0.06094580516219139,
    0.06054999306797981,
    0.06306863576173782,
    0.06782370805740356,
    0.06506260484457016,
    0.06181611493229866,
    0.058511778712272644,
    0.05654807388782501,
    0.05496932938694954,
    0.06044953688979149,
    0.05551835894584656,
    0.0548957921564579,
    0.06771429628133774,
    0.06414099782705307
  ],
  "val_loss": [
    10.725922584533691,
    11.116893768310547,
    9.975255012512207,
    17.534095764160156,
    12.059281349182129,
    7.90166711807251,
    6.677038192749023,
    6.795042991638184,
    6.673006057739258,
    6.461050510406494,
    6.186717987060547,
    6.0793280601501465,
    6.025903701782227,
    6.001517295837402,
    5.992293834686279,
    5.9911417961120605,
    5.993434429168701,
    5.9962382316589355,
    5.997885227203369,
    5.997549057006836,
    5.9949164390563965,
    5.989973068237305,
    5.982851028442383,
    5.973752498626709,
    5.962912082672119,
    5.950552940368652,
    5.936885356903076,
    5.922101020812988,
    5.906355857849121,
    5.8897881507873535,
    5.872528553009033,
    5.854672431945801,
    5.836312294006348,
    5.817532062530518,
    5.798404216766357,
    5.779013156890869,
    5.759438991546631,
    5.739760398864746,
    5.720067977905273,
    5.700446605682373,
    5.680981159210205,
    5.661742210388184,
    5.642794132232666,
    5.624181270599365,
    5.605932235717773,
    5.588065147399902,
    5.570580005645752,
    5.553475379943848,
    5.536737442016602,
    5.520355224609375,
    5.504322528839111,
    5.488623142242432,
    5.473247528076172,
    5.458183765411377,
    5.443436145782471,
    5.428988456726074,
    5.414839744567871,
    5.400992393493652,
    5.387434959411621,
    5.374173164367676,
    5.361202239990234,
    5.348535060882568,
    5.336150169372559,
    5.324051856994629,
    5.312264442443848,
    5.300747871398926,
    5.28954553604126,
    5.278616905212402,
    5.267992973327637,
    5.257640838623047,
    5.24760627746582,
    5.237812519073486,
    5.228373050689697,
    5.2191338539123535,
    5.210282325744629,
    5.201574802398682,
    5.193340301513672,
    5.185085773468018,
    5.177494525909424,
    5.169806957244873,
    5.162478923797607,
    5.155790328979492,
    5.148942947387695,
    5.1415534019470215,
    5.135533809661865,
    5.13358211517334,
    5.134109020233154,
    5.1236724853515625,
    5.054962158203125,
    5.068553924560547,
    5.861937522888184,
    5.50866174697876,
    5.421807765960693,
    5.345727920532227,
    5.196533203125,
    4.946803569793701,
    5.08420467376709,
    5.063303470611572,
    4.902061939239502,
    5.478275299072266
  ],